City,Cloudiness,Country,Date,Humidity,Max Temp,Lat,Lng,Wind Speed
walvis bay,21,NA,1600687853,55,66.2,-22.96,14.51,4.7
salalah,20,OM,1600687854,83,84.2,17.02,54.09,16.11
nhamunda,20,BR,1600687855,62,85.1,-2.19,-56.71,3.36
vaini,75,TO,1600687857,88,71.6,-21.2,-175.2,8.05
pangnirtung,20,CA,1600687858,74,28.4,66.15,-65.71,3.11
luderitz,18,NA,1600687859,26,75.51,-26.65,15.16,28.12
narsaq,75,GL,1600687860,91,32.0,60.92,-46.05,5.32
bethel,1,US,1600687862,61,39.0,41.37,-73.41,5.68
kapaa,75,US,1600687857,94,73.4,22.08,-159.32,6.93
tasiilaq,99,GL,1600687864,90,32.0,65.61,-37.64,5.82
norman wells,40,CA,1600687865,93,35.6,65.28,-126.83,5.82
constitucion,49,CL,1600687866,72,54.79,-35.33,-72.42,3.24
yar-sale,68,RU,1600687867,67,55.17,66.83,70.83,20.15
roald,75,NO,1600687868,76,57.2,62.58,6.13,36.91
mataura,8,NZ,1600687869,62,53.01,-46.19,168.86,8.99
boende,100,CD,1600687870,80,77.67,-0.22,20.87,5.14
jamestown,1,US,1600687779,83,39.2,42.1,-79.24,4.7
atuona,33,PF,1600687872,78,77.97,-9.8,-139.03,23.53
port hardy,90,CA,1600687874,100,51.8,50.7,-127.42,2.24
punta arenas,100,CL,1600687874,93,39.2,-53.15,-70.92,3.36
busselton,88,AU,1600687875,71,57.0,-33.65,115.33,12.5
cape town,1,ZA,1600687623,48,66.0,-33.93,18.42,12.75
kenai,90,US,1600687877,87,46.99,60.55,-151.26,10.29
castro,100,BR,1600687878,90,54.3,-24.79,-50.01,7.92
dingle,100,PH,1600687879,86,78.06,11.0,122.67,2.55
oranjemund,0,NA,1600687879,53,62.94,-28.55,16.43,23.6
muisne,100,EC,1600687881,85,73.4,0.6,-80.03,10.0
provideniya,59,RU,1600687882,83,35.92,64.38,-173.3,7.78
taoudenni,0,ML,1600687883,7,110.5,22.68,-3.98,13.91
butaritari,51,KI,1600687884,76,82.6,3.07,172.79,14.18
sola,11,VU,1600687885,80,79.57,-13.88,167.55,19.82
mar del plata,75,AR,1600687782,93,46.0,-38.0,-57.56,5.82
bredasdorp,31,ZA,1600687886,39,64.4,-34.53,20.04,2.24
ushuaia,75,AR,1600687887,82,39.2,-54.8,-68.3,4.21
misratah,33,LY,1600687888,47,84.49,32.38,15.09,8.57
half moon bay,90,US,1600687669,100,60.01,37.46,-122.43,4.7
chifeng,81,CN,1600687889,82,58.01,42.27,118.96,4.65
inta,97,RU,1600687890,87,40.78,66.03,60.17,15.37
carnarvon,0,AU,1600687891,52,66.2,-24.87,113.63,16.11
ulmi,0,RO,1600687893,44,75.2,44.49,25.78,5.82
bisira,100,PA,1600687893,100,58.98,8.52,-81.71,3.65
itarema,95,BR,1600687894,68,80.62,-2.92,-39.92,17.4
clyde river,90,CA,1600687895,86,26.6,70.47,-68.59,2.24
port alfred,21,ZA,1600687896,51,64.31,-33.59,26.89,21.56
bluff,40,NZ,1600687897,62,53.01,-46.6,168.33,8.99
chokurdakh,0,RU,1600687897,86,40.17,70.63,147.92,8.43
cervo,61,ES,1600687899,77,66.99,43.67,-7.41,5.99
yuci,75,CN,1600687899,59,64.4,37.68,112.73,2.24
albany,0,US,1600687803,77,39.0,42.6,-73.97,2.3
dikson,99,RU,1600687901,90,44.6,73.51,80.55,17.36
pangody,85,RU,1600687902,62,58.01,65.85,74.49,19.75
grindavik,40,IS,1600687903,60,42.8,63.84,-22.43,27.51
husavik,75,IS,1600687903,86,37.4,66.04,-17.34,5.82
tomatlan,54,MX,1600687904,91,73.27,19.93,-105.25,3.71
kawalu,79,ID,1600687905,89,73.96,-7.38,108.21,2.8
killybegs,90,IE,1600687906,87,59.0,54.63,-8.45,4.7
tiksi,12,RU,1600687907,75,43.75,71.69,128.87,11.23
naze,90,JP,1600687909,88,80.6,28.37,129.48,20.8
new norfolk,13,AU,1600687909,52,54.0,-42.78,147.06,3.29
rikitea,78,PF,1600687910,75,71.98,-23.12,-134.97,22.53
berbera,50,SO,1600687911,42,96.33,10.44,45.01,17.98
saldanha,5,ZA,1600687912,36,64.4,-33.01,17.94,10.29
carupano,79,VE,1600687914,81,81.54,10.67,-63.26,7.78
wuxue,100,CN,1600687825,90,60.91,29.85,115.55,4.38
dzhebariki-khaya,8,RU,1600687915,78,44.24,62.22,135.8,0.67
kodiak,90,US,1600687916,76,51.8,57.79,-152.41,18.34
praia da vitoria,20,PT,1600687917,73,73.0,38.73,-27.07,11.59
hermanus,44,ZA,1600687919,51,64.99,-34.42,19.23,3.0
vila velha,75,BR,1600687821,83,77.0,-20.33,-40.29,4.7
padang,100,ID,1600687920,64,81.21,-0.95,100.35,4.12
hasaki,20,JP,1600687921,88,66.2,35.73,140.83,1.12
shingu,75,JP,1600687922,69,73.4,33.73,135.98,2.24
spring hill,90,US,1600687923,83,75.2,28.48,-82.53,9.17
rodrigues alves,86,BR,1600687925,89,75.78,-7.74,-72.65,0.6
port blair,100,IN,1600687926,83,81.43,11.67,92.75,14.07
nanortalik,99,GL,1600687928,87,37.51,60.14,-45.24,2.3
emba,100,KZ,1600687928,49,50.52,48.83,58.14,18.72
yulara,0,AU,1600687929,12,66.2,-25.24,130.99,8.05
thompson,75,CA,1600687930,93,57.2,55.74,-97.86,3.36
placer,0,US,1600687931,46,64.0,39.07,-120.77,3.0
nikita,0,UA,1600687932,51,63.45,44.53,34.23,14.81
cherskiy,45,RU,1600687933,93,31.8,68.75,161.3,7.16
mahibadhoo,100,MV,1600687934,77,82.78,3.78,72.97,13.24
hilo,1,US,1600687935,64,73.4,19.73,-155.09,5.82
sigayevo,99,RU,1600687936,67,46.0,56.42,53.78,3.0
mandera,62,KE,1600687937,21,97.48,3.94,41.87,16.06
kununurra,76,AU,1600687761,52,87.8,-15.77,128.73,8.05
la ronge,40,CA,1600687939,93,51.8,55.1,-105.28,11.41
dovers,75,VC,1600687939,88,82.4,12.88,-61.18,11.61
ibra,0,OM,1600687941,7,104.34,22.69,58.53,4.07
katsuura,20,JP,1600687942,69,75.2,35.13,140.3,8.05
santa barbara,0,US,1600687944,20,59.0,34.42,-119.7,21.0
hervey bay,0,AU,1600687912,88,72.0,-25.3,152.85,3.0
kahului,1,US,1600687945,65,78.8,20.89,-156.47,11.41
puerto ayora,99,EC,1600687946,90,65.5,-0.74,-90.35,9.46
esperance,40,AU,1600687947,87,50.0,-33.87,121.9,6.93
awjilah,0,LY,1600687948,27,88.52,29.11,21.29,12.28
bachaquero,48,VE,1600687949,80,81.66,9.97,-71.15,6.78
lorengau,19,PG,1600687949,77,82.67,-2.02,147.27,8.03
nador,40,MA,1600687950,51,84.2,35.17,-2.93,10.29
kruisfontein,25,ZA,1600687951,42,66.99,-34.0,24.73,10.0
pitrufquen,90,CL,1600687952,100,46.4,-38.98,-72.65,1.12
hobart,20,AU,1600687856,76,54.0,-42.88,147.33,5.82
ciudad bolivar,94,VE,1600687954,80,80.78,8.12,-63.55,4.27
souillac,40,MU,1600687955,57,77.0,-20.52,57.52,19.46
mayumba,77,GA,1600687955,80,76.23,-3.43,10.66,9.62
port-gentil,40,GA,1600687956,70,84.2,-0.72,8.78,13.8
hithadhoo,100,MV,1600687766,76,82.24,-0.6,73.08,15.39
iralaya,37,HN,1600687958,80,79.88,15.0,-83.23,3.98
bandarbeyla,57,SO,1600687960,61,83.17,9.49,50.81,27.42
aklavik,90,CA,1600687961,96,33.8,68.22,-135.01,5.82
torbay,20,CA,1600687962,93,48.99,47.67,-52.73,9.17
ankazoabo,0,MG,1600687962,14,94.1,-22.28,44.52,5.82
los llanos de aridane,20,ES,1600687963,69,78.8,28.66,-17.92,9.17
victoria,40,HK,1600687964,74,84.2,22.29,114.16,9.17
planadas,94,CO,1600687965,78,75.2,3.2,-75.65,2.24
seredka,75,RU,1600687966,63,62.6,58.16,28.19,8.95
sitka,90,US,1600687967,87,50.0,57.05,-135.33,3.36
san policarpo,99,PH,1600687968,85,81.19,12.18,125.51,5.57
port elizabeth,20,ZA,1600687708,45,66.2,-33.92,25.57,23.04
airai,64,TL,1600687970,100,61.93,-8.93,125.41,2.55
olafsvik,75,IS,1600687971,68,41.85,64.89,-23.71,17.76
bengkulu,100,ID,1600687972,94,75.6,-3.8,102.27,7.94
geraldton,40,AU,1600687973,63,60.8,-28.77,114.6,10.29
potosi,52,BO,1600687974,61,40.64,-19.58,-65.75,8.86
nicoya,94,CR,1600687816,87,75.9,10.15,-85.45,1.81
east london,61,ZA,1600687975,48,66.2,-33.02,27.91,25.28
nushki,0,PK,1600687905,8,93.67,29.55,66.02,8.99
vitim,100,RU,1600687977,92,43.81,59.45,112.56,2.82
kaitangata,34,NZ,1600687977,81,48.0,-46.28,169.85,1.99
dalvik,75,IS,1600687978,86,37.4,65.97,-18.53,5.82
saskylakh,56,RU,1600687979,74,46.74,71.92,114.08,8.16
guerrero negro,0,MX,1600687980,79,71.56,27.98,-114.06,6.91
saint-pierre,23,RE,1600687981,61,77.0,-21.34,55.48,6.93
rawson,60,AR,1600687687,62,45.77,-43.3,-65.1,20.22
daru,98,PG,1600687983,84,77.74,-9.08,143.21,14.72
saint-augustin,0,CA,1600687984,62,44.31,51.23,-58.65,11.23
yellowknife,75,CA,1600687985,100,37.4,62.46,-114.35,5.82
cabo san lucas,30,MX,1600687986,81,81.0,22.89,-109.91,2.8
leningradskiy,87,RU,1600687987,83,36.37,69.38,178.42,11.99
saint-philippe,10,RE,1600687988,61,77.0,-21.36,55.77,6.93
iqaluit,90,CA,1600687777,99,33.8,63.75,-68.51,11.41
blackwater,0,AU,1600687989,82,68.77,-23.58,148.88,11.07
abu kamal,10,SY,1600687990,9,103.5,34.45,40.92,1.23
port lincoln,28,AU,1600687992,69,54.81,-34.73,135.87,22.91
calvinia,0,ZA,1600687992,23,65.61,-31.47,19.78,13.35
vestmanna,95,FO,1600687993,76,50.0,62.16,-7.17,13.87
berlevag,34,NO,1600687994,65,46.4,70.86,29.09,16.11
nkhotakota,0,MW,1600687995,36,86.16,-12.93,34.3,5.12
ancud,100,CL,1600687996,95,42.01,-41.87,-73.82,5.37
qaanaaq,28,GL,1600687997,85,15.57,77.48,-69.36,5.99
kavieng,5,PG,1600687997,76,83.34,-2.57,150.8,13.4
marienburg,23,PL,1600687998,100,73.99,54.04,19.03,5.95
sri aman,99,MY,1600687999,94,77.0,1.24,111.46,2.24
broome,1,US,1600688000,86,37.0,42.25,-75.83,4.7
ust-karsk,99,RU,1600688000,89,45.95,52.7,118.81,2.98
jieshi,68,CN,1600688001,83,79.52,22.81,115.83,17.6
barrow,100,US,1600688002,90,33.8,71.29,-156.79,15.5
komsomolskiy,0,UZ,1600688003,12,80.6,40.43,71.72,4.7
biak,36,ID,1600688003,81,78.69,-0.91,122.88,5.5
conde,75,BR,1600687876,94,77.0,-7.26,-34.91,9.17
rincon,75,US,1600688005,72,60.8,32.3,-81.24,13.87
onalaska,1,US,1600688005,66,55.4,43.88,-91.24,10.29
san francisco del mar,87,MX,1600688006,75,78.44,16.23,-94.65,19.33
otane,16,NZ,1600688008,91,43.79,-39.88,176.63,2.39
nikolskoye,40,RU,1600688008,55,60.8,59.7,30.79,17.9
san blas,75,MX,1600688009,100,68.0,21.52,-105.27,3.76
lasa,75,IT,1600688010,63,64.4,46.62,10.7,6.93
khatanga,100,RU,1600688011,68,47.03,71.97,102.5,8.61
lebane,26,RS,1600688012,27,77.0,42.92,21.74,3.36
esso,30,RU,1600688013,88,33.53,55.93,158.7,1.86
dauriya,38,RU,1600688013,76,46.18,49.93,116.87,8.5
cabedelo,75,BR,1600688014,94,77.0,-6.98,-34.83,9.17
shimoda,20,JP,1600688015,88,64.99,34.67,138.95,1.01
zaozerne,0,UA,1600688016,36,75.7,45.16,33.28,11.81
ahuimanu,40,US,1600688017,69,78.8,21.44,-157.84,9.17
troitskoye,0,RU,1600688018,58,63.46,52.98,84.68,6.8
chuy,0,UY,1600688018,66,47.98,-33.7,-53.46,10.65
ayaviri,87,PE,1600688019,56,47.35,-14.89,-70.59,3.65
alice springs,40,AU,1600688020,19,75.2,-23.7,133.88,6.93
anadyr,20,RU,1600688021,75,42.8,64.75,177.48,4.47
sisimiut,99,GL,1600688021,91,33.85,66.94,-53.67,9.46
vostok,32,RU,1600688022,97,42.66,46.49,135.88,1.88
corovode,22,AL,1600688023,31,83.79,40.5,20.23,6.08
saint george,1,US,1600688024,26,69.8,37.1,-113.58,3.04
gizo,87,SB,1600688024,78,82.06,-8.1,156.84,5.86
gamba,21,GA,1600688025,66,78.94,-2.65,10.0,9.73
lerwick,75,GB,1600688026,87,55.4,60.15,-1.15,21.92
avera,1,US,1600688026,82,55.99,33.19,-82.53,12.75
nantucket,1,US,1600687931,54,55.99,41.28,-70.1,13.87
indramayu,20,ID,1600688028,77,83.43,-6.33,108.32,9.06
boa vista,0,BR,1600688028,78,80.6,2.82,-60.67,4.7
oda,20,JP,1600688029,64,69.8,35.18,132.5,14.99
gat,0,IL,1600688030,57,90.0,31.61,34.76,1.01
atherton,16,GB,1600688031,60,70.0,53.52,-2.49,1.99
praya,75,CV,1600688031,79,84.2,14.92,-23.51,10.29
bajil,27,YE,1600688032,36,99.21,15.06,43.29,15.05
tigre,0,AR,1600687852,65,51.01,-34.43,-58.58,3.36
paso de los toros,0,UY,1600688033,93,39.2,-32.82,-56.52,4.7
neepawa,90,CA,1600688034,82,59.0,50.23,-99.47,26.4
severo-kurilsk,84,RU,1600688035,80,48.63,50.68,156.12,5.03
tuktoyaktuk,99,CA,1600688035,90,33.42,69.45,-133.04,12.21
derbent,3,RU,1600688036,51,71.28,42.07,48.29,16.91
codrington,69,AU,1600688037,75,51.64,-38.27,141.97,14.03
owando,100,CG,1600688038,78,81.91,-0.48,15.9,4.59
aginskoye,9,RU,1600688039,72,42.82,51.1,114.53,7.67
berdigestyakh,0,RU,1600688040,62,45.66,62.1,126.7,1.48
shanghai,100,CN,1600688040,57,75.99,31.22,121.46,4.47
port hedland,0,AU,1600688042,56,73.4,-20.32,118.57,8.05
alyangula,0,AU,1600688043,74,78.8,-13.85,136.42,6.93
broken hill,0,AU,1600687992,39,62.6,-31.95,141.43,9.17
hobyo,52,SO,1600688044,67,81.61,5.35,48.53,28.7
roros,100,NO,1600688045,54,57.2,62.57,11.38,14.99
hofn,20,IS,1600688046,49,48.2,64.25,-15.21,6.93
ahipara,38,NZ,1600688047,89,52.12,-35.17,173.17,5.79
isangel,5,VU,1600688048,82,70.52,-19.55,169.27,9.22
sorland,75,NO,1600688048,66,50.0,67.67,12.69,23.04
seoul,1,KR,1600688049,59,64.4,37.57,126.98,1.83
hoi an,20,VN,1600687930,83,84.2,15.88,108.33,4.52
vila franca do campo,75,PT,1600688051,77,68.0,37.72,-25.43,13.87
banyo,100,CM,1600688051,77,71.65,6.75,11.82,4.61
paamiut,94,GL,1600688052,91,37.58,61.99,-49.67,6.11
serenje,9,ZM,1600688052,16,88.95,-13.23,30.24,10.45
kysyl-syr,36,RU,1600688053,77,45.82,63.9,122.76,2.48
yamada,14,JP,1600688054,80,62.76,39.47,141.95,4.97
ponta do sol,40,PT,1600688055,69,77.0,32.67,-17.1,6.93
landeck,75,AT,1600688056,63,69.01,47.13,10.56,6.93
gouyave,20,GD,1600688057,83,84.2,12.16,-61.73,8.05
boguchany,26,RU,1600688058,79,48.72,58.38,97.45,5.88
moree,90,AU,1600688059,88,66.2,-29.47,149.85,16.11
linjiang,93,CN,1600688060,82,50.49,41.81,126.91,1.66
paracuru,88,BR,1600688060,72,80.01,-3.41,-39.03,24.0
cidreira,0,BR,1600688061,54,54.55,-30.18,-50.21,8.39
centralia,90,US,1600688062,100,53.6,46.72,-122.95,3.36
brignoles,33,FR,1600688063,57,81.0,43.4,6.07,2.24
arraial do cabo,75,BR,1600687960,94,69.8,-22.97,-42.03,8.05
dauphin,90,CA,1600688064,87,60.8,51.15,-100.05,19.46
lichinga,0,MZ,1600688065,23,86.41,-13.31,35.24,2.91
luanda,75,AO,1600687881,61,78.8,-8.84,13.23,5.82
mareeba,13,AU,1600688066,83,73.4,-17.0,145.43,3.36
bulgan,3,MN,1600688067,60,48.67,48.81,103.53,3.09
portland,40,US,1600688062,87,57.2,45.52,-122.68,0.38
axim,81,GH,1600688068,79,79.65,4.87,-2.24,12.06
dahuk,0,IQ,1600687971,10,99.25,36.87,42.99,11.36
yining,100,CN,1600688070,90,64.96,29.04,114.56,2.89
longyearbyen,75,SJ,1600688071,69,39.2,78.22,15.64,21.92
lavrentiya,82,RU,1600688071,85,35.49,65.58,-171.0,12.08
thanh hoa,87,VN,1600688072,91,79.32,19.8,105.77,5.57
lazaro cardenas,86,MX,1600688073,76,77.43,17.96,-102.2,5.91
kihei,1,US,1600688074,65,78.8,20.79,-156.47,11.41
livingston,90,GB,1600688074,77,59.0,55.9,-3.52,12.75
keti bandar,50,PK,1600688075,63,88.83,24.14,67.45,12.68
canton,100,CN,1600687818,34,91.0,23.12,113.25,13.42
coihaique,74,CL,1600688077,76,35.6,-45.58,-72.07,5.82
chicama,97,PE,1600688077,83,62.26,-7.84,-79.15,3.58
banda aceh,99,ID,1600688078,77,82.58,5.56,95.32,7.96
bubaque,99,GW,1600688079,84,79.72,11.28,-15.83,15.12
margherita,40,IN,1600688080,67,93.2,27.28,95.68,3.36
buala,24,SB,1600688080,78,80.83,-8.14,159.59,3.62
ostrovnoy,88,RU,1600688081,67,47.61,68.05,39.51,9.37
le port,17,RE,1600688082,37,82.4,-20.94,55.29,19.46
mahebourg,40,MU,1600688083,57,77.0,-20.41,57.7,19.46
nelson bay,37,AU,1600688084,88,69.01,-32.72,152.15,12.5
north saint paul,1,US,1600688084,67,60.01,45.01,-92.99,8.05
burley,1,US,1600688085,87,44.6,42.54,-113.79,2.15
imeni poliny osipenko,6,RU,1600688086,81,45.95,52.42,136.49,3.2
champerico,97,GT,1600688087,97,64.99,14.3,-91.92,5.41
maldonado,75,UY,1600687937,61,48.99,-34.67,-54.92,11.41
namibe,75,AO,1600688088,82,66.2,-15.2,12.15,5.82
te anau,94,NZ,1600688089,83,45.09,-45.42,167.72,7.96
yamethin,48,MM,1600688090,87,78.35,20.43,96.15,8.55
wattegama,90,LK,1600688090,100,77.0,6.8,81.48,8.05
chegdomyn,1,RU,1600688091,72,45.07,51.12,133.02,2.66
grand-santi,88,GF,1600688093,82,79.12,4.25,-54.38,3.38
sai buri,20,TH,1600688093,62,87.8,6.7,101.62,5.82
hualmay,91,PE,1600688094,84,61.65,-11.1,-77.61,6.93
seymchan,23,RU,1600688095,94,27.66,62.88,152.43,2.13
namtsy,0,RU,1600688096,65,41.0,62.72,129.67,6.71
zhangye,100,CN,1600688097,79,53.35,38.93,100.45,16.58
vysokogornyy,21,RU,1600688097,84,38.98,50.12,139.15,1.1
mancio lima,96,BR,1600688098,94,74.89,-7.61,-72.9,2.73
tortoli,40,IT,1600688099,58,86.0,39.93,9.66,11.41
mogok,90,MM,1600688100,100,68.18,22.92,96.5,2.95
rantepao,58,ID,1600688101,90,68.74,-2.97,119.9,1.63
inhambane,0,MZ,1600688103,70,84.2,-23.86,35.38,11.41
kupang,20,ID,1600688104,48,82.4,-10.17,123.58,10.29
kargil,0,IN,1600688105,19,64.0,34.57,76.1,3.18
anito,99,PH,1600688105,86,80.33,12.45,125.29,4.59
dombarovskiy,95,RU,1600688106,57,47.57,50.76,59.54,19.13
luan,40,CH,1600688107,64,69.8,46.36,6.98,5.82
eydhafushi,99,MV,1600688108,80,82.26,5.1,73.07,14.23
lagoa,62,PT,1600688109,78,68.41,39.05,-27.98,15.48
muros,40,ES,1600688110,72,71.01,42.78,-9.06,4.7
upernavik,99,GL,1600688110,87,29.05,72.79,-56.15,6.51
nacala,0,MZ,1600688111,51,83.34,-14.54,40.67,11.99
buluang,100,PH,1600688112,87,79.03,13.31,123.34,3.24
shestakovo,95,RU,1600688113,70,44.51,56.49,103.96,2.62
ketchikan,90,US,1600688114,100,53.6,55.34,-131.65,6.93
agirish,99,RU,1600688114,79,40.59,61.92,63.02,10.51
caravelas,18,BR,1600687864,76,78.48,-17.71,-39.25,6.29
bereda,38,ES,1600688116,72,68.0,43.27,-7.54,3.0
beloha,0,MG,1600688116,20,88.7,-25.17,45.05,13.96
encarnacion,0,PY,1600687992,76,48.2,-27.33,-55.9,8.05
karratha,0,AU,1600687853,39,70.27,-20.74,116.85,11.1
srednekolymsk,37,RU,1600688118,87,33.1,67.45,153.68,5.64
weihe,94,CN,1600688119,86,55.15,33.0,105.32,5.48
lyngseidet,75,NO,1600688120,71,50.0,69.58,20.22,13.87
ocean city,1,US,1600688051,86,50.0,39.28,-74.57,6.93
healdsburg,1,US,1600688122,93,55.0,38.61,-122.87,2.64
viedma,20,AR,1600687928,87,33.01,-40.81,-63.0,1.99
kirensk,64,RU,1600688123,89,41.22,57.79,108.11,2.42
touros,75,BR,1600688125,69,80.6,-5.2,-35.46,17.22
chlorakas,40,CY,1600688125,58,87.8,34.8,32.41,14.99
carutapera,75,BR,1600688126,74,81.75,-1.2,-46.02,8.77
haines junction,62,CA,1600688127,87,34.83,60.75,-137.51,2.55
sorong,34,ID,1600688128,78,81.75,-0.88,131.25,6.62
fortuna,90,US,1600688129,100,57.99,40.6,-124.16,4.7
tuban,40,ID,1600688129,71,83.35,-6.9,112.06,2.15
mayna,100,RU,1600688130,63,50.25,54.11,47.62,19.13
hamilton,1,US,1600688084,93,50.0,39.18,-84.53,5.23
kudahuvadhoo,83,MV,1600688131,75,82.78,2.67,72.89,11.7
makat,19,KZ,1600688132,33,60.53,47.65,53.35,16.37
dieppe,20,FR,1600688032,31,73.4,49.75,1.17,6.93
faanui,42,PF,1600688133,81,77.99,-16.48,-151.75,21.94
mezhdurechensk,6,RU,1600688134,68,60.39,53.69,88.06,1.95
avarua,90,CK,1600688135,100,71.6,-21.21,-159.78,1.12
makakilo city,20,US,1600688136,78,77.0,21.35,-158.09,3.36
abnub,0,EG,1600688137,41,93.2,27.27,31.15,13.87
palladam,75,IN,1600688138,78,78.8,10.98,77.3,11.41
sestri levante,47,IT,1600688139,71,77.0,44.27,9.4,4.0
yuza,75,JP,1600688139,88,62.6,39.0,139.92,3.36
port augusta,40,AU,1600688140,59,60.8,-32.5,137.77,14.99
roebourne,0,AU,1600688141,36,71.87,-20.78,117.13,11.3
moron,0,AR,1600688142,58,52.0,-34.65,-58.62,4.45
alofi,90,NU,1600688143,94,71.6,-19.06,-169.92,5.82
jalu,0,LY,1600688143,27,88.99,29.03,21.55,12.08
zhezkazgan,94,KZ,1600688144,37,56.32,47.8,67.71,16.93
vila,26,PT,1600688146,69,69.01,42.03,-8.16,5.01
meulaboh,98,ID,1600688146,78,82.09,4.14,96.13,3.98
perth,75,AU,1600687865,71,57.99,-31.93,115.83,5.82
eureka,75,US,1600688147,93,57.99,40.8,-124.16,6.93
klaksvik,98,FO,1600688148,76,50.0,62.23,-6.59,13.87
pasighat,38,IN,1600688149,78,82.45,28.07,95.33,2.06
ilam,75,NP,1600688150,70,89.6,26.92,87.92,6.93
grand-lahou,81,CI,1600688150,88,77.45,5.14,-5.02,10.02
morro bay,0,US,1600688151,90,62.01,35.37,-120.85,1.01
nuqui,75,CO,1600688152,100,75.2,5.71,-77.27,2.55
abu dhabi,0,AE,1600688153,50,98.6,24.47,54.37,13.87
aykhal,7,RU,1600688154,68,46.4,66.0,111.5,2.24
soe,51,ID,1600688154,96,67.89,-9.86,124.28,3.96
werder,0,DE,1600688155,45,77.0,52.38,12.93,1.01
bambous virieux,40,MU,1600688156,57,77.0,-20.34,57.76,19.46
novyy urgal,0,RU,1600688157,77,44.15,51.07,132.56,1.14
umm kaddadah,17,SD,1600688158,23,97.02,13.6,26.69,1.43
vila do maio,75,CV,1600688159,79,84.2,15.13,-23.22,10.29
college,40,US,1600688160,90,39.0,64.86,-147.8,3.36
georgetown,20,MY,1600688160,79,86.0,5.41,100.34,4.7
koumac,3,NC,1600688161,72,68.92,-20.57,164.28,4.7
coquimbo,75,CL,1600688162,93,50.0,-29.95,-71.34,10.29
lungi,98,SL,1600688163,81,83.08,9.22,-12.68,3.67
teya,54,RU,1600688164,83,49.95,60.38,92.63,5.28
finnsnes,75,NO,1600688165,81,50.0,69.23,17.98,6.93
maceio,40,BR,1600687967,78,80.6,-9.67,-35.74,10.29
bocanda,73,CI,1600688166,65,85.78,7.06,-4.5,4.54
bella vista,1,US,1600688167,87,57.2,36.43,-94.23,3.36
sao filipe,95,CV,1600688168,79,79.52,14.9,-24.5,2.24
svetlyy,42,RU,1600688169,56,68.0,54.67,20.13,8.95
albanel,20,CA,1600687899,65,41.0,48.88,-72.45,14.99
talara,76,PE,1600688170,84,63.14,-4.58,-81.27,13.02
pyapon,100,MM,1600688171,90,79.61,16.28,95.68,9.26
wucheng,100,CN,1600688172,90,62.65,29.6,118.17,2.51
saint-francois,100,FR,1600688172,77,69.01,46.42,3.91,8.05
piacabucu,28,BR,1600688173,76,79.77,-10.41,-36.43,14.45
cosmesti,31,RO,1600688174,22,78.04,45.87,27.31,4.85
pevek,82,RU,1600688174,86,35.44,69.7,170.31,8.99
huarmey,86,PE,1600688175,85,62.04,-10.07,-78.15,5.3
khovu-aksy,0,RU,1600688176,59,48.33,51.13,93.6,5.26
kotelnich,100,RU,1600688177,95,44.17,58.31,48.35,8.68
merauke,20,ID,1600688178,78,78.58,-8.47,140.33,16.31
wanning,74,CN,1600688112,80,81.54,18.8,110.4,4.05
springbok,0,ZA,1600688179,22,64.4,-29.66,17.89,13.87
nishihara,40,JP,1600688180,78,80.6,26.18,127.76,10.29
talnakh,100,RU,1600688181,76,51.8,69.49,88.4,22.37
ferrol,75,ES,1600688182,72,68.0,43.48,-8.24,3.36
syracuse,20,IT,1600688183,61,86.0,37.09,15.28,8.05
oskaloosa,1,US,1600688184,93,48.2,41.3,-92.64,6.93
sainte-suzanne,25,RE,1600688184,37,82.4,-20.91,55.61,19.46
manokwari,27,ID,1600688185,73,81.36,-0.87,134.08,1.92
ugoofaaru,95,MV,1600688186,78,82.26,5.67,73.0,15.14
denpasar,75,ID,1600688112,100,80.6,-8.65,115.22,8.05
milkovo,64,RU,1600688188,84,38.21,54.72,158.62,1.7
lodwar,1,KE,1600688188,27,94.77,3.12,35.6,9.84
port macquarie,61,AU,1600687939,92,69.01,-31.43,152.92,9.19
ennis,75,IE,1600688190,82,57.2,52.84,-8.99,8.05
ayan,88,RU,1600688191,79,50.92,56.45,138.17,8.3
puerto montt,90,CL,1600688191,100,39.2,-41.47,-72.94,2.24
cap malheureux,42,MU,1600688193,65,75.0,-19.98,57.61,14.0
thunder bay,40,CA,1600688193,67,57.2,48.4,-89.32,9.17
tuatapere,81,NZ,1600688194,62,53.01,-46.13,167.68,8.99
kaseda,22,JP,1600688195,77,64.4,31.42,130.32,3.36
peniche,38,PT,1600688196,71,78.01,39.36,-9.38,5.01
san patricio,33,MX,1600688197,81,77.68,19.22,-104.7,5.3
mana,13,GF,1600688198,75,83.46,5.66,-53.78,7.74
chitral,0,PK,1600688199,13,82.85,35.85,71.79,8.9
mirnyy,40,RU,1600688200,66,50.0,62.54,113.96,6.71
lebu,100,CL,1600688200,88,49.95,-37.62,-73.65,9.71
mankono,77,CI,1600688201,71,82.8,8.06,-6.19,5.37
lompoc,90,US,1600688202,100,54.0,34.64,-120.46,0.65
marsaxlokk,40,MT,1600688203,74,82.99,35.84,14.54,10.29
omboue,98,GA,1600688205,68,79.84,-1.57,9.26,10.47
male,75,MV,1600688205,79,86.0,4.17,73.51,5.82
aksarka,87,RU,1600688206,88,43.99,66.56,67.8,9.71
sylacauga,1,US,1600688207,77,59.0,33.17,-86.25,8.05
santa fe,0,AR,1600688098,62,57.99,-31.63,-60.7,1.99
kushiro,20,JP,1600688209,93,59.0,42.98,144.37,4.7
sol-iletsk,79,RU,1600688209,57,49.95,51.16,54.99,17.0
novoutkinsk,99,RU,1600688210,80,37.31,56.99,59.56,11.45
tessalit,0,ML,1600688211,8,103.77,20.2,1.01,13.47
aksu,0,CN,1600688212,24,73.02,41.12,80.26,1.9
arvika,87,SE,1600688212,77,64.4,59.66,12.59,12.75
sabha,0,LY,1600688213,22,91.72,27.04,14.43,8.97
outjo,0,NA,1600688214,9,94.42,-20.12,16.15,3.98
zhigansk,10,RU,1600688114,76,40.95,66.77,123.37,2.04
bocas del toro,96,PA,1600688216,87,64.99,9.33,-82.25,1.99
kaeo,21,NZ,1600688216,93,55.0,-35.1,173.78,1.99
martinsicuro,15,IT,1600688217,70,80.01,42.88,13.91,3.0
maningrida,9,AU,1600688218,82,78.15,-12.07,134.27,9.51
dondo,20,MZ,1600688219,66,86.0,-19.61,34.74,18.34
filingue,0,NE,1600688219,40,94.28,14.35,3.32,10.31
rio grande,0,BR,1600688059,73,51.39,-32.03,-52.1,8.93
kavaratti,40,IN,1600688221,74,86.0,10.57,72.64,9.17
umri,12,IN,1600688222,40,97.16,26.51,78.94,5.59
danielskuil,0,ZA,1600688223,19,72.41,-28.19,23.54,12.8
necochea,44,AR,1600688224,70,46.0,-38.55,-58.74,4.0
tacuarembo,0,UY,1600688226,64,50.18,-31.73,-55.98,6.11
peterhead,89,GB,1600688125,51,64.0,57.51,-1.8,4.7
bakel,95,SN,1600688228,62,85.59,14.9,-12.46,10.4
porto novo,40,BJ,1600688149,74,84.2,6.5,2.6,21.92
ilulissat,75,GL,1600688229,79,26.6,69.22,-51.1,3.2
aitape,10,PG,1600688230,84,79.07,-3.14,142.35,4.7
shatsk,89,RU,1600688231,58,57.24,54.03,41.71,19.01
deputatskiy,0,RU,1600688232,84,36.09,69.3,139.9,2.68
pahrump,0,US,1600688232,35,66.99,36.21,-115.98,4.59
rocha,33,UY,1600688233,62,47.79,-34.48,-54.33,11.83
petropavlovsk-kamchatskiy,16,RU,1600688234,86,41.0,53.05,158.65,2.24
laguna,1,US,1600687997,72,63.0,38.42,-121.42,2.59
sharjah,0,AE,1600688199,37,102.2,25.36,55.4,12.75
juneau,90,US,1600688236,93,50.0,58.3,-134.42,9.17
sigli,99,ID,1600688238,74,82.44,5.38,95.96,3.44
santiago,1,CL,1600687939,81,59.0,-33.46,-70.65,2.24
cantanhede,40,BR,1600688239,61,85.26,-3.63,-44.38,6.08
hurghada,0,EG,1600688240,34,95.0,27.26,33.81,18.34
antofagasta,90,CL,1600688068,76,57.2,-23.65,-70.4,8.05
solginskiy,80,RU,1600688242,70,51.35,61.05,41.34,9.53
makungu,42,TZ,1600688243,39,80.37,-8.73,35.28,10.18
kochinda,90,IN,1600688244,79,84.2,21.73,84.35,3.36
naron,75,ES,1600688244,72,68.0,43.52,-8.15,3.36
kalmunai,88,LK,1600688245,60,87.35,7.42,81.82,4.59
aleksandrov gay,76,RU,1600688246,35,60.82,50.15,48.57,15.93
sakakah,0,SA,1600688247,6,107.6,29.97,40.21,12.75
mmabatho,22,ZA,1600688248,9,84.2,-25.85,25.63,9.17
yeppoon,2,AU,1600688249,83,71.6,-23.13,150.73,5.82
mandalgovi,0,MN,1600688250,48,48.45,45.76,106.27,4.05
sena madureira,91,BR,1600688251,90,76.23,-9.07,-68.66,0.83
sabang,93,ID,1600688252,78,83.7,5.89,95.32,10.33
beira,20,MZ,1600688253,66,86.0,-19.84,34.84,18.34
pandan,96,PH,1600688253,82,82.0,14.05,124.17,6.55
dunmore east,0,IE,1600688254,77,66.99,52.15,-6.99,2.24
beringovskiy,96,RU,1600688255,87,40.23,63.05,179.32,12.41
huallanca,87,PE,1600688256,71,46.36,-9.9,-76.94,3.04
stephenville,90,US,1600688257,77,69.01,32.22,-98.2,6.93
usinsk,93,RU,1600688258,76,41.56,65.99,57.53,17.34
hoquiam,20,US,1600688259,87,55.4,46.98,-123.89,4.7
okha,37,RU,1600688259,83,48.87,53.57,142.95,10.09
oktyabrskiy,98,RU,1600688260,78,44.53,54.48,53.47,14.25
corner brook,20,CA,1600688048,93,41.0,48.97,-57.95,4.7
buraydah,0,SA,1600688117,17,102.2,26.33,43.98,6.93
bang rakam,20,TH,1600688262,94,82.99,16.76,100.12,1.66
klamath falls,1,US,1600688086,74,41.0,42.22,-121.78,2.48
pringsewu,62,ID,1600688264,89,76.08,-5.36,104.97,3.51
fairbanks,1,US,1600688113,91,39.0,64.84,-147.72,3.27
vardo,20,NO,1600688265,75,46.4,70.37,31.11,18.34
pemberton,87,CA,1600688266,67,52.63,50.32,-122.8,2.46
namatanai,4,PG,1600688267,77,80.51,-3.67,152.43,8.43
meudon,28,FR,1600688089,46,77.0,48.81,2.23,6.93
the valley,20,AI,1600688268,79,84.99,18.22,-63.06,2.24
pimentel,100,PE,1600688269,90,60.87,-6.84,-79.93,6.4
alta floresta,98,BR,1600688270,54,86.18,-9.88,-56.09,1.05
arbazh,100,RU,1600688271,93,44.56,57.68,48.31,12.3
teahupoo,20,PF,1600688272,65,78.8,-17.83,-149.27,11.41
ribeira grande,40,PT,1600688272,73,69.8,38.52,-28.7,11.41
shakawe,0,BW,1600688273,7,110.23,-18.37,21.85,1.36
san quintin,0,MX,1600688274,88,68.27,30.48,-115.95,7.49
bac ninh,20,VN,1600688275,66,86.0,21.18,106.05,6.93
kutum,0,SD,1600688276,19,92.79,14.2,24.67,14.81
terme,75,TR,1600688277,56,73.4,41.21,36.97,9.17
nago,1,JP,1600688277,74,78.8,26.59,127.98,6.93
mnogovershinnyy,42,RU,1600688278,99,40.82,53.94,139.92,3.38
bakchar,92,RU,1600688280,70,59.34,57.02,82.07,8.41
mumford,98,GH,1600688281,82,78.48,5.26,-0.76,16.4
simoes,2,BR,1600688282,43,84.6,-7.6,-40.82,8.46
taltal,22,CL,1600688282,54,62.08,-25.4,-70.48,3.11
san andres,40,CO,1600688283,83,82.4,12.58,-81.7,9.17
thinadhoo,100,MV,1600688284,77,82.63,0.53,72.93,15.68
iskateley,90,RU,1600688285,70,40.68,67.68,53.15,12.55
bonnyville,5,CA,1600688286,100,44.6,54.27,-110.73,4.7
novo aripuana,78,BR,1600688287,88,78.66,-5.12,-60.38,3.83
mollendo,100,PE,1600688287,77,61.34,-17.02,-72.01,6.06
bermejillo,0,MX,1600688288,64,64.99,25.88,-103.62,4.79
salinas,90,US,1600688224,93,57.2,36.68,-121.66,3.36
soyo,75,AO,1600688064,78,77.0,-6.13,12.37,6.93
sarakhs,0,IR,1600688290,30,82.4,36.54,61.16,18.34
novodugino,70,RU,1600688291,71,58.15,55.63,34.28,13.91
bijie,99,CN,1600688292,94,62.92,27.31,105.29,6.73
bushehr,0,IR,1600688293,42,98.6,28.97,50.84,9.17
kloulklubed,75,PW,1600688293,94,77.0,7.04,134.26,4.7
auki,62,SB,1600688294,86,78.04,-8.77,160.7,6.87
jijiga,38,ET,1600688295,43,77.97,9.35,42.8,5.53
mount isa,20,AU,1600688296,65,77.0,-20.73,139.5,6.93
elko,1,US,1600688297,52,53.01,41.0,-115.5,4.7
kilindoni,2,TZ,1600688298,70,78.8,-7.91,39.67,10.4
ust-omchug,26,RU,1600688125,91,27.32,61.15,149.63,2.13
saint anthony,1,US,1600688144,59,61.0,45.02,-93.22,10.29
kosino,98,RU,1600688300,90,41.32,58.41,51.28,8.03
ramos arizpe,0,MX,1600688301,84,64.99,25.55,-100.97,1.01
medea,75,DZ,1600688301,61,80.6,36.26,2.75,8.05
kinablangan,90,PH,1600688302,83,81.23,7.69,126.55,7.61
atasu,72,KZ,1600688303,46,51.31,48.68,71.64,17.0
quatre cocos,40,MU,1600688304,57,77.0,-20.21,57.76,19.46
tefe,40,BR,1600688305,94,77.0,-3.35,-64.71,4.7
westport,1,US,1600688306,70,45.0,41.14,-73.36,11.41
visnes,75,NO,1600688306,93,55.4,59.36,5.22,18.34
raga,66,SS,1600688307,61,87.87,8.46,25.68,2.89
behshahr,90,IR,1600688308,30,80.6,36.69,53.55,9.17
san carlos de bariloche,99,AR,1600688309,55,42.01,-41.15,-71.31,3.36
parry sound,0,CA,1600688224,89,46.99,45.35,-80.03,8.5
voloshka,88,RU,1600688310,70,51.84,61.33,40.09,9.46
freeport,1,US,1600688293,75,50.0,40.66,-73.58,6.93
de panne,5,BE,1600688312,72,72.0,51.08,2.59,9.17
nemuro,62,JP,1600688313,80,62.62,43.32,145.57,6.71
colesberg,0,ZA,1600688314,27,61.2,-30.72,25.1,20.33
bontang,31,ID,1600688315,84,80.74,0.13,117.5,5.61
bairiki,20,KI,1600688316,74,82.4,1.33,172.98,8.05
richards bay,100,ZA,1600688316,63,66.0,-28.78,32.04,17.38
pombas,40,CV,1600688317,66,86.0,17.15,-25.02,3.36
miri,40,MY,1600688130,88,82.4,4.41,114.01,4.7
santa vitoria do palmar,0,BR,1600688318,66,48.2,-33.52,-53.37,10.54
pisco,90,PE,1600688319,87,60.8,-13.7,-76.22,0.81
kieta,98,PG,1600688320,77,79.63,-6.22,155.63,2.04
kayerkan,99,RU,1600688321,76,51.8,69.35,87.76,22.37
oktyabrskoye,0,RU,1600688322,37,71.6,43.06,44.74,13.42
bathsheba,20,BB,1600688323,79,84.2,13.22,-59.52,9.17
havre,26,FR,1600688325,68,71.6,49.58,0.33,8.05
isiro,81,CD,1600688326,47,88.2,2.77,27.62,3.47
kiknur,100,RU,1600688327,89,46.56,57.3,47.2,15.17
maues,87,BR,1600688328,82,80.11,-3.38,-57.72,3.47
coos bay,90,US,1600688329,100,54.0,43.37,-124.22,4.7
severnoye,5,RU,1600688329,65,60.03,56.35,78.36,7.78
andenes,20,NO,1600688330,62,51.8,69.31,16.12,28.86
pemangkat,91,ID,1600688255,86,78.62,1.17,108.97,9.31
portel,8,BR,1600688332,68,83.1,-1.94,-50.82,5.55
moindou,1,NC,1600688332,77,66.2,-21.69,165.68,3.36
salta,0,AR,1600688334,37,41.0,-24.79,-65.41,1.16
billings,1,US,1600688334,66,48.2,45.78,-108.5,10.29
kandrian,99,PG,1600688335,88,78.12,-6.22,149.55,6.78
minot,1,US,1600688291,71,57.2,48.23,-101.3,12.75
skibbereen,20,IE,1600688337,68,64.4,51.55,-9.27,4.7
maniitsoq,71,GL,1600688338,91,32.59,65.42,-52.9,9.95
koutiala,34,ML,1600688339,57,86.11,12.39,-5.46,8.39
burnie,26,AU,1600688339,90,53.01,-41.07,145.92,4.0
vao,7,NC,1600688340,78,69.71,-22.67,167.48,20.67
evensk,68,RU,1600688341,76,37.74,61.95,159.23,8.55
luangwa,3,ZM,1600688342,16,99.57,-15.62,30.42,7.07
catemaco,100,MX,1600688343,92,69.24,18.42,-95.12,4.14
bugulma,99,RU,1600688344,82,43.14,54.55,52.8,16.11
naryan-mar,94,RU,1600688345,68,41.31,67.67,53.09,12.26
oranjestad,20,AW,1600688283,88,80.6,12.52,-70.03,5.82
mitsamiouli,40,KM,1600688346,58,84.2,-11.38,43.28,10.29
abadan,0,IR,1600688347,8,111.2,30.34,48.3,4.7
terrace bay,69,CA,1600688348,78,53.38,48.78,-87.1,18.25
kouango,89,CF,1600688349,67,83.57,4.99,19.96,4.52
annau,75,TM,1600688350,24,78.8,37.89,58.52,4.7
shache,0,CN,1600688350,17,78.78,38.42,77.24,9.31
lypnyazhka,29,UA,1600688351,23,72.28,48.45,31.08,4.41
cooma,26,AU,1600688352,100,50.0,-36.23,149.13,3.36
